observation_date,GASREGW,DCOILBRENTEU
1987-05-25,,18.6
1987-06-01,,18.65
1987-06-08,,18.75
1987-06-15,,18.78
1987-06-22,,19.1
1987-06-29,,19.15
1987-07-06,,19.48
1987-07-13,,19.83
1987-07-20,,20.55
1987-07-27,,19.3
1987-08-03,,20.95
1987-08-10,,19.43
1987-08-17,,18.85
1987-08-24,,17.48
1987-08-31,,18.63
1987-09-07,,17.6
1987-09-14,,18.15
1987-09-21,,18.28
1987-09-28,,18.65
1987-10-05,,18.78
1987-10-12,,18.55
1987-10-19,,19.1
1987-10-26,,18.75
1987-11-02,,18.63
1987-11-09,,17.5
1987-11-16,,17.68
1987-11-23,,17.9
1987-11-30,,17.7
1987-12-07,,17.78
1987-12-14,,16.8
1987-12-21,,15.4
1987-12-28,,17
1988-01-04,,17.95
1988-01-11,,16.65
1988-01-18,,16.83
1988-01-25,,16.45
1988-02-01,,16.1
1988-02-08,,16.5
1988-02-15,,15.68
1988-02-22,,15.38
1988-02-29,,14.73
1988-03-07,,13.9
1988-03-14,,14.28
1988-03-21,,15.38
1988-03-28,,15.55
1988-04-04,,15.65
1988-04-11,,16.2
1988-04-18,,17.45
1988-04-25,,17.13
1988-05-02,,15.95
1988-05-09,,16.5
1988-05-16,,16.6
1988-05-23,,16.23
1988-05-30,,16.23
1988-06-06,,16.25
1988-06-13,,15.53
1988-06-20,,15
1988-06-27,,14.93
1988-07-04,,14.05
1988-07-11,,14.63
1988-07-18,,15
1988-07-25,,15.8
1988-08-01,,15.6
1988-08-08,,15.48
1988-08-15,,14.8
1988-08-22,,15.03
1988-08-29,,14.48
1988-09-05,,13.68
1988-09-12,,12.7
1988-09-19,,12.85
1988-09-26,,13.1
1988-10-03,,11.6
1988-10-10,,12.2
1988-10-17,,13.55
1988-10-24,,12.2
1988-10-31,,12.6
1988-11-07,,12.75
1988-11-14,,13
1988-11-21,,12.13
1988-11-28,,14.73
1988-12-05,,14.73
1988-12-12,,15.2
1988-12-19,,15.3
1988-12-26,,15.38
1989-01-02,,16.23
1989-01-09,,17
1989-01-16,,17.5
1989-01-23,,16.98
1989-01-30,,16.85
1989-02-06,,16.5
1989-02-13,,16.5
1989-02-20,,17.38
1989-02-27,,17.55
1989-03-06,,17.73
1989-03-13,,18.1
1989-03-20,,19.18
1989-03-27,,19.93
1989-04-03,,19.65
1989-04-10,,19.6
1989-04-17,,19.88
1989-04-24,,21.2
1989-05-01,,20.15
1989-05-08,,18.8
1989-05-15,,19.2
1989-05-22,,17.4
1989-05-29,,17.73
1989-06-05,,18.55
1989-06-12,,17.18
1989-06-19,,16.85
1989-06-26,,18.23
1989-07-03,,18.4
1989-07-10,,17.83
1989-07-17,,18.05
1989-07-24,,17.3
1989-07-31,,16.3
1989-08-07,,16.05
1989-08-14,,16.85
1989-08-21,,16.9
1989-08-28,,16.98
1989-09-04,,17.43
1989-09-11,,17.98
1989-09-18,,18.05
1989-09-25,,17.45
1989-10-02,,18.58
1989-10-09,,18.25
1989-10-16,,19.38
1989-10-23,,18.88
1989-10-30,,18.98
1989-11-06,,18.95
1989-11-13,,18.85
1989-11-20,,18.8
1989-11-27,,18.5
1989-12-04,,19.28
1989-12-11,,19.45
1989-12-18,,19.98
1989-12-25,,20.5
1990-01-01,,21.05
1990-01-08,,21.38
1990-01-15,,21.6
1990-01-22,,20.88
1990-01-29,,20.73
1990-02-05,,20.73
1990-02-12,,19.68
1990-02-19,,19.95
1990-02-26,,18.9
1990-03-05,,19.15
1990-03-12,,18.3
1990-03-19,,17.83
1990-03-26,,18.23
1990-04-02,,18.18
1990-04-09,,16.53
1990-04-16,,15.8
1990-04-23,,16.95
1990-04-30,,16.35
1990-05-07,,15.65
1990-05-14,,17.4
1990-05-21,,16.65
1990-05-28,,15.95
1990-06-04,,15.35
1990-06-11,,14.73
1990-06-18,,14.83
1990-06-25,,15.58
1990-07-02,,15.4
1990-07-09,,14.98
1990-07-16,,17.7
1990-07-23,,18.73
1990-07-30,,18.98
1990-08-06,,27.28
1990-08-13,,26.63
1990-08-20,1.191,28.9
1990-08-27,1.245,27.65
1990-09-03,1.242,30.53
1990-09-10,1.252,31.45
1990-09-17,1.266,34.9
1990-09-24,1.272,40.75
1990-10-01,1.321,38.95
1990-10-08,1.333,39.2
1990-10-15,1.339,38.28
1990-10-22,1.345,27.45
1990-10-29,1.339,34.65
1990-11-05,1.334,33.8
1990-11-12,1.328,32.85
1990-11-19,1.323,30.85
1990-11-26,1.311,35.1
1990-12-03,1.341,31.25
1990-12-10,,28.75
1990-12-17,,28.2
1990-12-24,,27.7
1990-12-31,,28.35
1991-01-07,,25.93
1991-01-14,,29.55
1991-01-21,1.192,19.25
1991-01-28,1.168,20.4
1991-02-04,1.139,20.45
1991-02-11,1.106,21.23
1991-02-18,1.078,17.68
1991-02-25,1.054,17.83
1991-03-04,1.025,20.2
1991-03-11,1.045,18.6
1991-03-18,1.043,18.3
1991-03-25,1.047,18.6
1991-04-01,1.052,18
1991-04-08,1.066,18.58
1991-04-15,1.069,20.23
1991-04-22,1.09,19.78
1991-04-29,1.104,19.95
1991-05-06,1.113,19.8
1991-05-13,1.121,19.25
1991-05-20,1.129,18.9
1991-05-27,1.14,18.83
1991-06-03,1.138,19
1991-06-10,1.135,18
1991-06-17,1.126,17.85
1991-06-24,1.114,18.18
1991-07-01,1.104,18.53
1991-07-08,1.098,18.98
1991-07-15,1.094,19.6
1991-07-22,1.091,20.08
1991-07-29,1.091,19.58
1991-08-05,1.099,19.5
1991-08-12,1.112,19.63
1991-08-19,1.124,20.55
1991-08-26,1.124,20.03
1991-09-02,1.127,20.65
1991-09-09,1.12,19.85
1991-09-16,1.11,20.53
1991-09-23,1.097,20.83
1991-09-30,1.092,21.43
1991-10-07,1.089,21.98
1991-10-14,1.084,22.6
1991-10-21,1.088,22.95
1991-10-28,1.091,21.9
1991-11-04,1.091,22.73
1991-11-11,1.102,21.45
1991-11-18,1.104,21.35
1991-11-25,1.099,19.78
1991-12-02,1.099,19.6
1991-12-09,1.091,18.25
1991-12-16,1.075,18.55
1991-12-23,1.063,17.6
1991-12-30,1.053,18
1992-01-06,1.042,18.75
1992-01-13,1.026,18.08
1992-01-20,1.014,18.45
1992-01-27,1.006,18.55
1992-02-03,0.995,18.35
1992-02-10,1.004,18.95
1992-02-17,1.011,17.65
1992-02-24,1.014,17.4
1992-03-02,1.012,17.35
1992-03-09,1.013,17.35
1992-03-16,1.01,17.73
1992-03-23,1.015,17.58
1992-03-30,1.013,17.98
1992-04-06,1.026,18.93
1992-04-13,1.051,19.03
1992-04-20,1.058,18.95
1992-04-27,1.072,18.9
1992-05-04,1.089,19.88
1992-05-11,1.102,19.73
1992-05-18,1.118,19.7
1992-05-25,1.12,19.58
1992-06-01,1.128,20.9
1992-06-08,1.143,21.25
1992-06-15,1.151,21.3
1992-06-22,1.153,20.83
1992-06-29,1.149,21.08
1992-07-06,1.147,20.45
1992-07-13,1.139,19.83
1992-07-20,1.132,19.95
1992-07-27,1.128,20.58
1992-08-03,1.126,20.33
1992-08-10,1.123,19.55
1992-08-17,1.116,19.95
1992-08-24,1.123,19.65
1992-08-31,1.121,19.65
1992-09-07,1.121,20.13
1992-09-14,1.124,20.68
1992-09-21,1.123,20.15
1992-09-28,1.118,20.28
1992-10-05,1.115,20.2
1992-10-12,1.115,20.8
1992-10-19,1.113,20.73
1992-10-26,1.113,19.78
1992-11-02,1.12,19.25
1992-11-09,1.12,19.1
1992-11-16,1.112,19.2
1992-11-23,1.106,19.15
1992-11-30,1.098,19.25
1992-12-07,1.089,18.25
1992-12-14,1.078,18.03
1992-12-21,1.074,18.33
1992-12-28,1.069,18.28
1993-01-04,1.065,17.73
1993-01-11,1.066,17.28
1993-01-18,1.061,17.25
1993-01-25,1.055,17.58
1993-02-01,1.055,18.55
1993-02-08,1.062,18.55
1993-02-15,1.053,17.98
1993-02-22,1.047,18.63
1993-03-01,1.042,19.03
1993-03-08,1.048,19.28
1993-03-15,1.058,18.88
1993-03-22,1.056,18.18
1993-03-29,1.057,18.65
1993-04-05,1.068,18.95
1993-04-12,1.079,18.53
1993-04-19,1.079,18.48
1993-04-26,1.086,18.63
1993-05-03,1.086,18.85
1993-05-10,1.097,18.98
1993-05-17,1.106,18.28
1993-05-24,1.106,18.15
1993-05-31,1.107,18.43
1993-06-07,1.104,18
1993-06-14,1.101,17.58
1993-06-21,1.095,17.18
1993-06-28,1.089,17.23
1993-07-05,1.086,16.88
1993-07-12,1.081,16.78
1993-07-19,1.075,16.58
1993-07-26,1.069,16.85
1993-08-02,1.062,16.85
1993-08-09,1.06,16.45
1993-08-16,1.059,16.8
1993-08-23,1.065,16.83
1993-08-30,1.062,17.05
1993-09-06,1.055,16.23
1993-09-13,1.051,15.43
1993-09-20,1.045,16.03
1993-09-27,1.047,16.1
1993-10-04,1.092,16.9
1993-10-11,1.09,17.13
1993-10-18,1.093,16.5
1993-10-25,1.092,16.13
1993-11-01,1.084,15.83
1993-11-08,1.075,15.28
1993-11-15,1.064,15.25
1993-11-22,1.058,15.35
1993-11-29,1.051,14.05
1993-12-06,1.036,13.9
1993-12-13,1.018,13.9
1993-12-20,1.003,13.63
1993-12-27,0.999,13.38
1994-01-03,0.992,13.18
1994-01-10,0.995,14.15
1994-01-17,1.001,14.4
1994-01-24,0.999,14.35
1994-01-31,1.005,14.83
1994-02-07,1.007,14.6
1994-02-14,1.016,13.4
1994-02-21,1.009,13.05
1994-02-28,1.004,13.59
1994-03-07,1.007,13.13
1994-03-14,1.005,14.03
1994-03-21,1.007,14.55
1994-03-28,1.012,13.75
1994-04-04,1.011,13.25
1994-04-11,1.028,14.73
1994-04-18,1.033,15.48
1994-04-25,1.037,16.38
1994-05-02,1.04,15.35
1994-05-09,1.045,16.33
1994-05-16,1.046,16.23
1994-05-23,1.05,16.63
1994-05-30,1.056,16.08
1994-06-06,1.065,16.18
1994-06-13,1.073,16.23
1994-06-20,1.079,17.38
1994-06-27,1.095,17.4
1994-07-04,1.097,17.5
1994-07-11,1.103,17.48
1994-07-18,1.109,17.5
1994-07-25,1.114,17.35
1994-08-01,1.13,19.03
1994-08-08,1.157,17.93
1994-08-15,1.161,16.75
1994-08-22,1.165,15.25
1994-08-29,1.161,15.85
1994-09-05,1.156,15.6
1994-09-12,1.15,15.83
1994-09-19,1.14,15.45
1994-09-26,1.129,16.1
1994-10-03,1.12,16.85
1994-10-10,1.114,16.7
1994-10-17,1.106,15.75
1994-10-24,1.107,16.48
1994-10-31,1.121,17.18
1994-11-07,1.123,17.78
1994-11-14,1.122,17.25
1994-11-21,1.113,17.25
1994-11-28,1.105,16.95
1994-12-05,1.103,15.93
1994-12-12,1.095,15.98
1994-12-19,1.087,15.58
1994-12-26,1.077,15.55
1995-01-02,1.079,16.23
1995-01-09,1.086,16.08
1995-01-16,1.078,16.38
1995-01-23,1.083,17
1995-01-30,1.083,16.68
1995-02-06,1.076,17.08
1995-02-13,1.074,16.88
1995-02-20,1.067,17.43
1995-02-27,1.073,17.35
1995-03-06,1.076,16.75
1995-03-13,1.069,16.3
1995-03-20,1.068,16.83
1995-03-27,1.075,17.83
1995-04-03,1.087,17.88
1995-04-10,1.103,18.15
1995-04-17,1.117,17.98
1995-04-24,1.138,19.05
1995-05-01,1.148,19.38
1995-05-08,1.169,18.78
1995-05-15,1.179,18.43
1995-05-22,1.197,18.38
1995-05-29,1.199,17.8
1995-06-05,1.199,18.23
1995-06-12,1.196,17.63
1995-06-19,1.189,16.93
1995-06-26,1.182,16.55
1995-07-03,1.175,16.35
1995-07-10,1.165,15.88
1995-07-17,1.153,15.73
1995-07-24,1.144,15.38
1995-07-31,1.132,15.78
1995-08-07,1.127,15.9
1995-08-14,1.125,15.93
1995-08-21,1.124,16.25
1995-08-28,1.117,16.15
1995-09-04,1.113,16.62
1995-09-11,1.111,16.75
1995-09-18,1.11,17.23
1995-09-25,1.109,16.18
1995-10-02,1.105,16.55
1995-10-09,1.097,16
1995-10-16,1.087,16.15
1995-10-23,1.079,15.88
1995-10-30,1.068,16.45
1995-11-06,1.065,16.78
1995-11-13,1.063,16.63
1995-11-20,1.06,16.8
1995-11-27,1.061,17.2
1995-12-04,1.062,17.35
1995-12-11,1.063,17.68
1995-12-18,1.078,18.33
1995-12-25,1.082,18.18
1996-01-01,1.083,18.65
1996-01-08,1.093,19.68
1996-01-15,1.098,17.5
1996-01-22,1.091,17.53
1996-01-29,1.087,16.23
1996-02-05,1.083,16.93
1996-02-12,1.08,17.18
1996-02-19,1.087,18.2
1996-02-26,1.107,18.85
1996-03-04,1.124,18.4
1996-03-11,1.125,18.93
1996-03-18,1.135,20.5
1996-03-25,1.164,21.3
1996-04-01,1.178,20.8
1996-04-08,1.204,20.85
1996-04-15,1.242,22.68
1996-04-22,1.256,19.38
1996-04-29,1.273,20.05
1996-05-06,1.275,19.38
1996-05-13,1.277,19.48
1996-05-20,1.285,18.63
1996-05-27,1.275,19.73
1996-06-03,1.269,18.25
1996-06-10,1.262,18.48
1996-06-17,1.258,18.7
1996-06-24,1.245,18.38
1996-07-01,1.234,19.77
1996-07-08,1.231,19.62
1996-07-15,1.228,20.2
1996-07-22,1.227,19.23
1996-07-29,1.218,18.99
1996-08-05,1.207,19.65
1996-08-12,1.203,20.65
1996-08-19,1.205,21.58
1996-08-26,1.209,20.78
1996-09-02,1.197,22.23
1996-09-09,1.203,22.25
1996-09-16,1.206,22.6
1996-09-23,1.206,22.15
1996-09-30,1.2,24.15
1996-10-07,1.194,24.28
1996-10-14,1.203,24.75
1996-10-21,1.204,25.08
1996-10-28,1.215,24.45
1996-11-04,1.223,22.1
1996-11-11,1.226,22.7
1996-11-18,1.236,22.75
1996-11-25,1.244,23.22
1996-12-02,1.241,23.5
1996-12-09,1.241,24.18
1996-12-16,1.236,23.98
1996-12-23,1.231,23.51
1996-12-30,1.227,23.95
1997-01-06,1.225,24.76
1997-01-13,1.241,23.41
1997-01-20,1.241,22.86
1997-01-27,1.238,22.56
1997-02-03,1.236,22.91
1997-02-10,1.234,20.73
1997-02-17,1.227,20.48
1997-02-24,1.223,19.87
1997-03-03,1.215,19.1
1997-03-10,1.206,19.21
1997-03-17,1.2,18.98
1997-03-24,1.204,18.93
1997-03-31,1.2,18.53
1997-04-07,1.203,16.92
1997-04-14,1.199,17.61
1997-04-21,1.199,17.74
1997-04-28,1.195,17.92
1997-05-05,1.193,17.72
1997-05-12,1.193,19.42
1997-05-19,1.203,19.92
1997-05-26,1.212,20.15
1997-06-02,1.215,19.17
1997-06-09,1.207,17.08
1997-06-16,1.198,17.15
1997-06-23,1.187,17.8
1997-06-30,1.181,18.22
1997-07-07,1.177,18.28
1997-07-14,1.173,17.79
1997-07-21,1.177,18.23
1997-07-28,1.17,18.76
1997-08-04,1.193,19.64
1997-08-11,1.228,18.21
1997-08-18,1.229,18.41
1997-08-25,1.244,17.87
1997-09-01,1.243,17.98
1997-09-08,1.243,18.03
1997-09-15,1.236,18.05
1997-09-22,1.225,18.65
1997-09-29,1.21,19.48
1997-10-06,1.209,20.94
1997-10-13,1.203,20.08
1997-10-20,1.193,19.29
1997-10-27,1.182,19.63
1997-11-03,1.176,19.48
1997-11-10,1.177,19.14
1997-11-17,1.168,19.54
1997-11-24,1.162,19.01
1997-12-01,1.152,18.01
1997-12-08,1.141,17.87
1997-12-15,1.131,16.89
1997-12-22,1.121,17.04
1997-12-29,1.112,16.35
1998-01-05,1.102,15.29
1998-01-12,1.094,15.07
1998-01-19,1.083,15.38
1998-01-26,1.066,14.79
1998-02-02,1.061,15.28
1998-02-09,1.053,14.77
1998-02-16,1.038,13.5
1998-02-23,1.044,13.26
1998-03-02,1.028,13.37
1998-03-09,1.018,12.24
1998-03-16,1.008,11.74
1998-03-23,1,14.53
1998-03-30,1.03,14.35
1998-04-06,1.028,13.13
1998-04-13,1.025,13.23
1998-04-20,1.028,13.82
1998-04-27,1.04,13.65
1998-05-04,1.049,14.6
1998-05-11,1.063,14.41
1998-05-18,1.072,14.72
1998-05-25,1.07,14.33
1998-06-01,1.066,13.66
1998-06-08,1.075,13.56
1998-06-15,1.066,10.77
1998-06-22,1.058,11.23
1998-06-29,1.057,11.83
1998-07-06,1.058,11.7
1998-07-13,1.054,11.56
1998-07-20,1.059,12.11
1998-07-27,1.05,12.53
1998-08-03,1.039,12.04
1998-08-10,1.033,11.62
1998-08-17,1.026,11.93
1998-08-24,1.019,12.15
1998-08-31,1.013,12.06
1998-09-07,1.007,12.51
1998-09-14,1.002,12.47
1998-09-21,1.014,14.31
1998-09-28,1.014,14.41
1998-10-05,1.019,14.1
1998-10-12,1.022,13.18
1998-10-19,1.019,11.6
1998-10-26,1.015,12.74
1998-11-02,1.01,12.43
1998-11-09,1.008,11.15
1998-11-16,0.996,11.1
1998-11-23,0.989,10.54
1998-11-30,0.974,9.91
1998-12-07,0.954,9.7
1998-12-14,0.945,9.45
1998-12-21,0.944,9.45
1998-12-28,0.937,9.91
1999-01-04,0.935,10.94
1999-01-11,0.941,12.07
1999-01-18,0.944,10.81
1999-01-25,0.936,11.21
1999-02-01,0.929,10.81
1999-02-08,0.927,9.97
1999-02-15,0.919,9.97
1999-02-22,0.907,10.24
1999-03-01,0.913,10.52
1999-03-08,0.921,11.49
1999-03-15,0.977,12.17
1999-03-22,1.017,13.37
1999-03-29,1.082,14.34
1999-04-05,1.118,14.6
1999-04-12,1.14,14.23
1999-04-19,1.135,16.01
1999-04-26,1.131,15.63
1999-05-03,1.136,16.45
1999-05-10,1.14,15.72
1999-05-17,1.14,14.98
1999-05-24,1.126,14.83
1999-05-31,1.111,14.75
1999-06-07,1.112,15.98
1999-06-14,1.108,16.05
1999-06-21,1.124,15.64
1999-06-28,1.113,16.27
1999-07-05,1.125,17.55
1999-07-12,1.143,18.94
1999-07-19,1.169,19.75
1999-07-26,1.193,19.73
1999-08-02,1.195,19.21
1999-08-09,1.206,19.34
1999-08-16,1.236,20.68
1999-08-23,1.234,20.96
1999-08-30,1.233,20.32
1999-09-06,1.242,21.14
1999-09-13,1.25,22.98
1999-09-20,1.268,22.85
1999-09-27,1.262,23.6
1999-10-04,1.255,23.3
1999-10-11,1.249,20.84
1999-10-18,1.236,22.26
1999-10-25,1.237,22.45
1999-11-01,1.23,21.32
1999-11-08,1.233,23.62
1999-11-15,1.251,25.93
1999-11-22,1.269,25.86
1999-11-29,1.274,25.67
1999-12-06,1.273,26.46
1999-12-13,1.275,24.31
1999-12-20,1.269,25.98
1999-12-27,1.273,25.11
2000-01-03,1.272,24.93
2000-01-10,1.264,22.77
2000-01-17,1.277,25.99
2000-01-24,1.315,27.02
2000-01-31,1.316,27.08
2000-02-07,1.325,27.94
2000-02-14,1.356,28.03
2000-02-21,1.406,26.93
2000-02-28,1.421,28.7
2000-03-06,1.501,30.08
2000-03-13,1.527,29.25
2000-03-20,1.529,25.59
2000-03-27,1.508,25.16
2000-04-03,1.503,24.62
2000-04-10,1.475,21.08
2000-04-17,1.444,22.2
2000-04-24,1.437,23.57
2000-05-01,1.42,23.79
2000-05-08,1.455,26.03
2000-05-15,1.492,28.26
2000-05-22,1.527,28.45
2000-05-29,1.54,30.09
2000-06-05,1.563,28.27
2000-06-12,1.631,30.1
2000-06-19,1.681,27.69
2000-06-26,1.658,30.9
2000-07-03,1.625,32.15
2000-07-10,1.593,30.58
2000-07-17,1.546,28.44
2000-07-24,1.52,26.84
2000-07-31,1.471,25.3
2000-08-07,1.462,27.56
2000-08-14,1.447,29.24
2000-08-21,1.468,31.34
2000-08-28,1.481,33.29
2000-09-04,1.53,36.02
2000-09-11,1.561,36.87
2000-09-18,1.562,34.55
2000-09-25,1.548,30.01
2000-10-02,1.524,29.65
2000-10-09,1.502,29.99
2000-10-16,1.539,32.03
2000-10-23,1.551,30.98
2000-10-30,1.545,31.09
2000-11-06,1.526,31
2000-11-13,1.523,32.5
2000-11-20,1.51,34.23
2000-11-27,1.51,33.47
2000-12-04,1.486,30.37
2000-12-11,1.449,27.28
2000-12-18,1.422,25.11
2000-12-25,1.414,22.23
2001-01-01,1.406,22.58
2001-01-08,1.425,24.75
2001-01-15,1.474,26.03
2001-01-22,1.471,27.69
2001-01-29,1.46,26.95
2001-02-05,1.443,29.25
2001-02-12,1.476,29.32
2001-02-19,1.449,27.05
2001-02-26,1.431,25.84
2001-03-05,1.417,25.98
2001-03-12,1.412,25.34
2001-03-19,1.404,23.19
2001-03-26,1.404,24.01
2001-04-02,1.442,23.31
2001-04-09,1.5,24.37
2001-04-16,1.571,26.8
2001-04-23,1.619,25.42
2001-04-30,1.626,27.21
2001-05-07,1.703,27.71
2001-05-14,1.713,27.77
2001-05-21,1.687,29.8
2001-05-28,1.704,28.69
2001-06-04,1.679,28.95
2001-06-11,1.647,29.57
2001-06-18,1.601,27.61
2001-06-25,1.538,27.36
2001-07-02,1.474,25.73
2001-07-09,1.437,25.59
2001-07-16,1.413,23.58
2001-07-23,1.395,24.44
2001-07-30,1.384,24.46
2001-08-06,1.376,25.39
2001-08-13,1.392,25.88
2001-08-20,1.427,24.35
2001-08-27,1.488,26.22
2001-09-03,1.545,26.52
2001-09-10,1.527,27.59
2001-09-17,1.529,28.32
2001-09-24,1.485,20.63
2001-10-01,1.416,21.22
2001-10-08,1.352,20.91
2001-10-15,1.309,20.36
2001-10-22,1.265,20.38
2001-10-29,1.235,20.55
2001-11-05,1.206,18.78
2001-11-12,1.182,19.48
2001-11-19,1.167,16.55
2001-11-26,1.127,18.66
2001-12-03,1.108,20
2001-12-10,1.095,18.03
2001-12-17,1.059,18.58
2001-12-24,1.072,18.65
2001-12-31,1.096,19.35
2002-01-07,1.112,21.08
2002-01-14,1.111,18.89
2002-01-21,1.105,18.32
2002-01-28,1.101,19.74
2002-02-04,1.116,20.26
2002-02-11,1.107,20.08
2002-02-18,1.116,20.12
2002-02-25,1.116,19.78
2002-03-04,1.144,21.59
2002-03-11,1.223,23.14
2002-03-18,1.288,23.8
2002-03-25,1.342,24.75
2002-04-01,1.371,26.06
2002-04-08,1.413,26.36
2002-04-15,1.404,23.39
2002-04-22,1.404,25.96
2002-04-29,1.393,26.85
2002-05-06,1.395,25.8
2002-05-13,1.388,26.3
2002-05-20,1.397,25.97
2002-05-27,1.387,23.52
2002-06-03,1.392,23.87
2002-06-10,1.375,22.83
2002-06-17,1.378,24.69
2002-06-24,1.384,24.99
2002-07-01,1.392,25.65
2002-07-08,1.382,25.08
2002-07-15,1.394,26.16
2002-07-22,1.41,25.7
2002-07-29,1.407,25.2
2002-08-05,1.395,25.2
2002-08-12,1.393,25.63
2002-08-19,1.392,27.44
2002-08-26,1.403,27.56
2002-09-02,1.394,27.45
2002-09-09,1.395,28.67
2002-09-16,1.401,28.38
2002-09-23,1.395,29.36
2002-09-30,1.413,29.11
2002-10-07,1.439,28.38
2002-10-14,1.44,28.56
2002-10-21,1.458,27.01
2002-10-28,1.444,25.44
2002-11-04,1.448,25.21
2002-11-11,1.439,23.86
2002-11-18,1.409,23.41
2002-11-25,1.38,24.85
2002-12-02,1.364,25.73
2002-12-09,1.36,26.06
2002-12-16,1.363,28.73
2002-12-23,1.401,30.61
2002-12-30,1.441,32.02
2003-01-06,1.444,31.43
2003-01-13,1.454,30.46
2003-01-20,1.459,32.23
2003-01-27,1.473,31.02
2003-02-03,1.527,30.95
2003-02-10,1.607,32.47
2003-02-17,1.66,33.06
2003-02-24,1.658,33.41
2003-03-03,1.686,33.4
2003-03-10,1.712,34.94
2003-03-17,1.728,30.35
2003-03-24,1.69,26.54
2003-03-31,1.649,28.05
2003-04-07,1.63,25.27
2003-04-14,1.595,24.72
2003-04-21,1.574,25.76
2003-04-28,1.557,23.42
2003-05-05,1.513,23.59
2003-05-12,1.491,25.69
2003-05-19,1.498,27.23
2003-05-26,1.487,26.78
2003-06-02,1.473,27.56
2003-06-09,1.49,28.62
2003-06-16,1.518,27.5
2003-06-23,1.496,27.13
2003-06-30,1.487,28.88
2003-07-07,1.489,27.23
2003-07-14,1.521,28.52
2003-07-21,1.524,28.01
2003-07-28,1.516,27.71
2003-08-04,1.536,29.91
2003-08-11,1.571,30.05
2003-08-18,1.627,29.88
2003-08-25,1.747,29.98
2003-09-01,1.746,29.64
2003-09-08,1.717,28.47
2003-09-15,1.697,26.38
2003-09-22,1.643,25.82
2003-09-29,1.591,27.77
2003-10-06,1.573,29.75
2003-10-13,1.568,31
2003-10-20,1.571,29.78
2003-10-27,1.542,29.38
2003-11-03,1.535,27.78
2003-11-10,1.504,28.82
2003-11-17,1.497,28.98
2003-11-24,1.512,27.99
2003-12-01,1.49,28.17
2003-12-08,1.476,30.52
2003-12-15,1.465,30.89
2003-12-22,1.485,28.78
2003-12-29,1.478,29.17
2004-01-05,1.51,32.3
2004-01-12,1.56,31.41
2004-01-19,1.595,31.67
2004-01-26,1.622,31.15
2004-02-02,1.616,30.3
2004-02-09,1.638,29.1
2004-02-16,1.648,31.08
2004-02-23,1.688,31.89
2004-03-01,1.717,33.34
2004-03-08,1.738,34.27
2004-03-15,1.724,34.39
2004-03-22,1.743,33.57
2004-03-29,1.758,32.04
2004-04-05,1.78,31.17
2004-04-12,1.786,34.51
2004-04-19,1.813,34.71
2004-04-26,1.812,34.18
2004-05-03,1.844,34.97
2004-05-10,1.941,35.83
2004-05-17,2.017,38.88
2004-05-24,2.064,39.22
2004-05-31,2.051,37
2004-06-07,2.034,35.57
2004-06-14,1.985,35.22
2004-06-21,1.937,34.82
2004-06-28,1.921,33.24
2004-07-05,1.895,35.73
2004-07-12,1.917,37.73
2004-07-19,1.928,39.07
2004-07-26,1.905,39.75
2004-08-02,1.888,41.35
2004-08-09,1.877,43.21
2004-08-16,1.875,44.35
2004-08-23,1.884,44.39
2004-08-30,1.866,40.78
2004-09-06,1.85,40.4
2004-09-13,1.846,40.63
2004-09-20,1.866,43.6
2004-09-27,1.917,46.87
2004-10-04,1.938,46.99
2004-10-11,1.993,50.75
2004-10-18,2.035,49.16
2004-10-25,2.032,51.68
2004-11-01,2.034,46.84
2004-11-08,2.001,44.78
2004-11-15,1.969,39.32
2004-11-22,1.948,42.26
2004-11-29,1.945,44.05
2004-12-06,1.911,38.43
2004-12-13,1.847,36.77
2004-12-20,1.815,42.67
2004-12-27,1.791,39.6
2005-01-03,1.778,40.38
2005-01-10,1.793,44.71
2005-01-17,1.819,45.1
2005-01-24,1.853,45.74
2005-01-31,1.911,44.51
2005-02-07,1.909,42.7
2005-02-14,1.898,44.51
2005-02-21,1.905,46.09
2005-02-28,1.928,50.13
2005-03-07,1.999,51.87
2005-03-14,2.056,53.68
2005-03-21,2.109,55.79
2005-03-28,2.153,51.75
2005-04-04,2.217,55.92
2005-04-11,2.28,51.21
2005-04-18,2.237,48.58
2005-04-25,2.236,53.1
2005-05-02,2.235,50.89
2005-05-09,2.186,49.71
2005-05-16,2.163,46.42
2005-05-23,2.125,47.28
2005-05-30,2.097,49.33
2005-06-06,2.116,52.61
2005-06-13,2.13,52
2005-06-20,2.161,57.1
2005-06-27,2.215,58.5
2005-07-04,2.226,57.13
2005-07-11,2.328,56.1
2005-07-18,2.317,56.25
2005-07-25,2.289,57.51
2005-08-01,2.291,60.56
2005-08-08,2.368,62.56
2005-08-15,2.55,66.68
2005-08-22,2.612,65.87
2005-08-29,2.61,64.77
2005-09-05,3.069,64.16
2005-09-12,2.955,60.69
2005-09-19,2.786,64.04
2005-09-26,2.803,61.73
2005-10-03,2.928,61.64
2005-10-10,2.848,57.01
2005-10-17,2.725,59.81
2005-10-24,2.603,57.64
2005-10-31,2.48,58.47
2005-11-07,2.376,58.19
2005-11-14,2.296,54.1
2005-11-21,2.201,53.36
2005-11-28,2.154,52.91
2005-12-05,2.147,56.05
2005-12-12,2.185,57.23
2005-12-19,2.211,56.09
2005-12-26,2.197,56.54
2006-01-02,2.238,58.34
2006-01-09,2.327,62.51
2006-01-16,2.32,62.34
2006-01-23,2.336,64.56
2006-01-30,2.357,65.14
2006-02-06,2.342,63.32
2006-02-13,2.284,59.16
2006-02-20,2.24,60.05
2006-02-27,2.254,59.44
2006-03-06,2.331,61.41
2006-03-13,2.366,60.99
2006-03-20,2.504,62.3
2006-03-27,2.498,62.59
2006-04-03,2.588,67.28
2006-04-10,2.683,68.2
2006-04-17,2.783,69.39
2006-04-24,2.914,73.96
2006-05-01,2.919,73.37
2006-05-08,2.909,68.26
2006-05-15,2.947,68.69
2006-05-22,2.892,66.52
2006-05-29,2.867,69.16
2006-06-05,2.892,69.13
2006-06-12,2.906,68.62
2006-06-19,2.871,66.4
2006-06-26,2.869,69.85
2006-07-03,2.934,73.94
2006-07-10,2.973,72.39
2006-07-17,2.989,75.12
2006-07-24,3.003,72.09
2006-07-31,3.004,74.75
2006-08-07,3.038,77.82
2006-08-14,3,73.78
2006-08-21,2.924,72.42
2006-08-28,2.845,69.44
2006-09-04,2.727,68.62
2006-09-11,2.618,62.41
2006-09-18,2.497,61.47
2006-09-25,2.378,57.89
2006-10-02,2.31,58.8
2006-10-09,2.261,59.25
2006-10-16,2.226,58.22
2006-10-23,2.208,56.56
2006-10-30,2.218,57.08
2006-11-06,2.2,57.02
2006-11-13,2.232,56.88
2006-11-20,2.239,57.38
2006-11-27,2.246,60.52
2006-12-04,2.297,63.97
2006-12-11,2.293,62.59
2006-12-18,2.32,62.81
2006-12-25,2.341,61.92
2007-01-01,2.334,58.96
2007-01-08,2.306,52.82
2007-01-15,2.229,49.95
2007-01-22,2.165,54.34
2007-01-29,2.165,54.71
2007-02-05,2.191,58.67
2007-02-12,2.241,55.52
2007-02-19,2.296,56.78
2007-02-26,2.383,60.34
2007-03-05,2.505,59.78
2007-03-12,2.559,60.59
2007-03-19,2.577,60.49
2007-03-26,2.61,64.43
2007-04-02,2.707,68.94
2007-04-09,2.802,69.15
2007-04-16,2.876,67.1
2007-04-23,2.869,66.8
2007-04-30,2.971,67.23
2007-05-07,3.054,62.7
2007-05-14,3.103,65.86
2007-05-21,3.218,69.51
2007-05-28,3.209,70.72
2007-06-04,3.157,70.9
2007-06-11,3.076,68.85
2007-06-18,3.009,72.33
2007-06-25,2.982,71.36
2007-07-02,2.959,72.9
2007-07-09,2.981,77.1
2007-07-16,3.049,78.17
2007-07-23,2.958,78.36
2007-07-30,2.876,76.07
2007-08-06,2.838,72.69
2007-08-13,2.771,71.3
2007-08-20,2.785,68.37
2007-08-27,2.749,68.85
2007-09-03,2.796,72.29
2007-09-10,2.818,74.97
2007-09-17,2.787,77.99
2007-09-24,2.812,77.87
2007-10-01,2.788,78.33
2007-10-08,2.77,76.94
2007-10-15,2.762,82.5
2007-10-22,2.823,82.72
2007-10-29,2.872,89.87
2007-11-05,3.013,92.16
2007-11-12,3.111,91.56
2007-11-19,3.099,91.59
2007-11-26,3.097,94.88
2007-12-03,3.061,87.85
2007-12-10,3,87.33
2007-12-17,2.998,90.32
2007-12-24,2.98,91.59
2007-12-31,3.053,93.68
2008-01-07,3.109,94.19
2008-01-14,3.068,92.58
2008-01-21,3.017,89.66
2008-01-28,2.977,90.91
2008-02-04,2.978,91.09
2008-02-11,2.96,93.93
2008-02-18,3.042,96.96
2008-02-25,3.13,97.43
2008-03-03,3.162,101.83
2008-03-10,3.225,105.33
2008-03-17,3.284,104.41
2008-03-24,3.259,100.93
2008-03-31,3.29,102.33
2008-04-07,3.332,105.98
2008-04-14,3.389,108.32
2008-04-21,3.508,111.35
2008-04-28,3.603,115.7
2008-05-05,3.613,115.68
2008-05-12,3.722,122.89
2008-05-19,3.791,122.19
2008-05-26,3.937,129.72
2008-06-02,3.976,128.5
2008-06-09,4.039,134.43
2008-06-16,4.082,133.9
2008-06-23,4.079,134.54
2008-06-30,4.095,138.4
2008-07-07,4.114,139.62
2008-07-14,4.113,142.43
2008-07-21,4.064,129.34
2008-07-28,3.955,125.67
2008-08-04,3.88,121.87
2008-08-11,3.809,110.54
2008-08-18,3.74,109.33
2008-08-25,3.685,109.74
2008-09-01,3.68,113.49
2008-09-08,3.648,101.08
2008-09-15,3.835,90.45
2008-09-22,3.718,100.43
2008-09-29,3.632,95.96
2008-10-06,3.484,84.71
2008-10-13,3.151,74.37
2008-10-20,2.914,67.45
2008-10-27,2.656,59.34
2008-11-03,2.4,60.32
2008-11-10,2.224,57.08
2008-11-17,2.072,50.82
2008-11-24,1.892,49.51
2008-12-01,1.811,47.58
2008-12-08,1.699,40.02
2008-12-15,1.659,45.02
2008-12-22,1.653,38.08
2008-12-29,1.613,34.16
2009-01-05,1.684,45.84
2009-01-12,1.784,40.86
2009-01-19,1.847,43.42
2009-01-26,1.838,48
2009-02-02,1.892,42.96
2009-02-09,1.926,47.23
2009-02-16,1.964,43.36
2009-02-23,1.909,41.27
2009-03-02,1.934,42.6
2009-03-09,1.941,44.55
2009-03-16,1.91,44.12
2009-03-23,1.962,51.84
2009-03-30,2.046,49.05
2009-04-06,2.037,50.91
2009-04-13,2.051,50.73
2009-04-20,2.059,49.06
2009-04-27,2.049,48.67
2009-05-04,2.078,53.26
2009-05-11,2.24,55.99
2009-05-18,2.309,56.51
2009-05-25,2.435,58.7
2009-06-01,2.524,66.6
2009-06-08,2.624,67.61
2009-06-15,2.672,68.49
2009-06-22,2.691,66.13
2009-06-29,2.642,69.75
2009-07-06,2.612,63.12
2009-07-13,2.528,58.25
2009-07-20,2.463,64.64
2009-07-27,2.503,69.78
2009-08-03,2.557,72.9
2009-08-10,2.647,73.79
2009-08-17,2.637,68.65
2009-08-24,2.628,74.34
2009-08-31,2.613,69.02
2009-09-07,2.588,65.84
2009-09-14,2.577,66.91
2009-09-21,2.552,68.11
2009-09-28,2.499,65.43
2009-10-05,2.468,65.26
2009-10-12,2.489,70.75
2009-10-19,2.574,75.86
2009-10-26,2.674,76.45
2009-11-02,2.694,75.56
2009-11-09,2.666,77.18
2009-11-16,2.629,77.14
2009-11-23,2.639,78.14
2009-11-30,2.629,77.77
2009-12-07,2.634,76.18
2009-12-14,2.599,71.19
2009-12-21,2.589,72.74
2009-12-28,2.607,76.59
2010-01-04,2.665,79.05
2010-01-11,2.751,80.14
2010-01-18,2.739,76.85
2010-01-25,2.705,72.18
2010-02-01,2.661,71.58
2010-02-08,2.652,69.62
2010-02-15,2.608,71.49
2010-02-22,2.655,76.95
2010-03-01,2.702,76.07
2010-03-08,2.751,78.94
2010-03-15,2.788,77.08
2010-03-22,2.819,78.09
2010-03-29,2.798,79.89
2010-04-05,2.826,84.48
2010-04-12,2.858,85.21
2010-04-19,2.86,83.09
2010-04-26,2.849,86.72
2010-05-03,2.898,88.09
2010-05-10,2.905,78.08
2010-05-17,2.864,73.87
2010-05-24,2.786,69.62
2010-05-31,2.728,73
2010-06-07,2.725,71.09
2010-06-14,2.701,75.11
2010-06-21,2.743,78.53
2010-06-28,2.757,76.66
2010-07-05,2.726,71.75
2010-07-12,2.718,74.35
2010-07-19,2.722,76.29
2010-07-26,2.749,77.9
2010-08-02,2.735,81.93
2010-08-09,2.783,81.54
2010-08-16,2.745,74.56
2010-08-23,2.704,73.08
2010-08-30,2.682,76.05
2010-09-06,2.682,75.03
2010-09-13,2.721,78.52
2010-09-20,2.723,79.42
2010-09-27,2.694,77.71
2010-10-04,2.732,83.42
2010-10-11,2.819,83.08
2010-10-18,2.834,82.3
2010-10-25,2.817,81.91
2010-11-01,2.806,84.06
2010-11-08,2.865,87.15
2010-11-15,2.892,85.49
2010-11-22,2.876,82.34
2010-11-29,2.856,85.9
2010-12-06,2.958,91.25
2010-12-13,2.98,90.4
2010-12-20,2.982,91.31
2010-12-27,3.052,93.08
2011-01-03,3.07,95.82
2011-01-10,3.089,95.05
2011-01-17,3.104,97.86
2011-01-24,3.11,96.76
2011-01-31,3.101,98.97
2011-02-07,3.132,99.44
2011-02-14,3.14,103.12
2011-02-21,3.189,102.2
2011-02-28,3.383,112.27
2011-03-07,3.52,116.58
2011-03-14,3.567,112.95
2011-03-21,3.562,114.92
2011-03-28,3.596,115.95
2011-04-04,3.684,120.07
2011-04-11,3.791,126.46
2011-04-18,3.844,121.69
2011-04-25,3.879,123.64
2011-05-02,3.963,126.64
2011-05-09,3.965,113.21
2011-05-16,3.96,113.72
2011-05-23,3.849,110.13
2011-05-30,3.794,114.85
2011-06-06,3.781,115.4
2011-06-13,3.713,120.49
2011-06-20,3.652,112.21
2011-06-27,3.574,104.57
2011-07-04,3.579,109.82
2011-07-11,3.641,117.35
2011-07-18,3.682,117.05
2011-07-25,3.699,118.27
2011-08-01,3.711,116.37
2011-08-08,3.674,103.06
2011-08-15,3.604,108.89
2011-08-22,3.581,108.83
2011-08-29,3.627,112.29
2011-09-05,3.674,115.92
2011-09-12,3.661,114.75
2011-09-19,3.601,112.89
2011-09-26,3.509,107.9
2011-10-03,3.433,103.61
2011-10-10,3.417,109.49
2011-10-17,3.476,112.92
2011-10-24,3.462,111.67
2011-10-31,3.452,108.43
2011-11-07,3.424,114.75
2011-11-14,3.436,112.57
2011-11-21,3.368,105.98
2011-11-28,3.307,109.38
2011-12-05,3.29,110.18
2011-12-12,3.286,107.82
2011-12-19,3.229,104.55
2011-12-26,3.258,109.28
2012-01-02,3.299,108.09
2012-01-09,3.382,111.07
2012-01-16,3.391,109.88
2012-01-23,3.389,109.46
2012-01-30,3.439,110.24
2012-02-06,3.482,115.47
2012-02-13,3.523,118.73
2012-02-20,3.591,120.69
2012-02-27,3.721,126.46
2012-03-05,3.793,126.68
2012-03-12,3.829,127.27
2012-03-19,3.867,125.76
2012-03-26,3.918,125.85
2012-04-02,3.941,124.44
2012-04-09,3.939,123.58
2012-04-16,3.922,118.23
2012-04-23,3.87,116.66
2012-04-30,3.83,118.66
2012-05-07,3.79,111.66
2012-05-14,3.754,110.79
2012-05-21,3.715,109.02
2012-05-28,3.67,107.86
2012-06-04,3.613,97.74
2012-06-11,3.572,98.6
2012-06-18,3.533,95.21
2012-06-25,3.437,88.69
2012-07-02,3.356,95.28
2012-07-09,3.411,99.94
2012-07-16,3.427,102.1
2012-07-23,3.494,103.91
2012-07-30,3.508,106.54
2012-08-06,3.645,110.01
2012-08-13,3.721,114.48
2012-08-20,3.744,115.5
2012-08-27,3.776,113.74
2012-09-03,3.843,113.93
2012-09-10,3.847,113.84
2012-09-17,3.878,116.7
2012-09-24,3.826,109.2
2012-10-01,3.804,112.58
2012-10-08,3.85,112.6
2012-10-15,3.819,115
2012-10-22,3.687,109.62
2012-10-29,3.568,109.33
2012-11-05,3.492,105.59
2012-11-12,3.449,110.23
2012-11-19,3.429,110.06
2012-11-26,3.437,110.18
2012-12-03,3.394,111.27
2012-12-10,3.349,108.25
2012-12-17,3.254,109.35
2012-12-24,3.257,108.44
2012-12-31,3.298,110.8
2013-01-07,3.299,112.49
2013-01-14,3.303,111.32
2013-01-21,3.315,111.71
2013-01-28,3.357,113.92
2013-02-04,3.538,116.06
2013-02-11,3.611,118.29
2013-02-18,3.747,117.4
2013-02-25,3.784,114.55
2013-03-04,3.759,109.9
2013-03-11,3.71,108.64
2013-03-18,3.696,108.54
2013-03-25,3.68,106.66
2013-04-01,3.645,108.76
2013-04-08,3.608,103.16
2013-04-15,3.542,99.32
2013-04-22,3.536,99.07
2013-04-29,3.52,102.88
2013-05-06,3.538,105
2013-05-13,3.603,102.17
2013-05-20,3.673,104.55
2013-05-27,3.645,101.24
2013-06-03,3.646,101.63
2013-06-10,3.655,103.87
2013-06-17,3.626,105.8
2013-06-24,3.577,99.8
2013-07-01,3.496,103.19
2013-07-08,3.492,107.75
2013-07-15,3.639,109.05
2013-07-22,3.682,108.82
2013-07-29,3.646,108.1
2013-08-05,3.632,109.81
2013-08-12,3.561,109.28
2013-08-19,3.55,111.41
2013-08-26,3.552,112.23
2013-09-02,3.608,115.97
2013-09-09,3.587,115.2
2013-09-16,3.547,110.86
2013-09-23,3.495,108.56
2013-09-30,3.425,107.85
2013-10-07,3.367,109.66
2013-10-14,3.354,110.13
2013-10-21,3.36,109.47
2013-10-28,3.294,108.29
2013-11-04,3.265,104.85
2013-11-11,3.194,105.76
2013-11-18,3.219,108.8
2013-11-25,3.293,110.83
2013-12-02,3.272,111.49
2013-12-09,3.269,110.07
2013-12-16,3.239,110.3
2013-12-23,3.271,111.58
2013-12-30,3.331,110.47
2014-01-06,3.332,106.71
2014-01-13,3.327,108.02
2014-01-20,3.296,108.01
2014-01-27,3.295,108.72
2014-02-03,3.292,106.55
2014-02-10,3.309,110.18
2014-02-17,3.38,108.63
2014-02-24,3.444,109.76
2014-03-03,3.479,111.26
2014-03-10,3.512,108.27
2014-03-17,3.547,106.99
2014-03-24,3.549,106.59
2014-03-31,3.579,105.95
2014-04-07,3.596,104.89
2014-04-14,3.651,107.68
2014-04-21,3.683,109.69
2014-04-28,3.713,109.12
2014-05-05,3.684,109.48
2014-05-12,3.668,108.37
2014-05-19,3.665,110.84
2014-05-26,3.674,110.01
2014-06-02,3.69,109.34
2014-06-09,3.674,110.55
2014-06-16,3.686,113.42
2014-06-23,3.704,113.62
2014-06-30,3.704,111.03
2014-07-07,3.678,108.7
2014-07-14,3.635,104.73
2014-07-21,3.593,105.71
2014-07-28,3.539,106.7
2014-08-04,3.515,103.63
2014-08-11,3.505,103.47
2014-08-18,3.472,99.37
2014-08-25,3.454,100.49
2014-09-01,3.459,101.12
2014-09-08,3.457,99.53
2014-09-15,3.408,96.43
2014-09-22,3.353,95.37
2014-09-29,3.354,95.7
2014-10-06,3.299,90.65
2014-10-13,3.207,87.82
2014-10-20,3.12,84.42
2014-10-27,3.056,85.64
2014-11-03,2.993,84.9
2014-11-10,2.941,82.9
2014-11-17,2.894,76.86
2014-11-24,2.821,79.62
2014-12-01,2.778,70.87
2014-12-08,2.679,65.64
2014-12-15,2.554,61.09
2014-12-22,2.403,58.31
2014-12-29,2.299,57.86
2015-01-05,2.214,51.08
2015-01-12,2.139,46.9
2015-01-19,2.066,47.38
2015-01-26,2.044,46.07
2015-02-02,2.068,51.74
2015-02-09,2.191,57
2015-02-16,2.274,61.57
2015-02-23,2.332,59.78
2015-03-02,2.473,60.75
2015-03-09,2.487,58.67
2015-03-16,2.453,52
2015-03-23,2.457,53.82
2015-03-30,2.448,53.99
2015-04-06,2.413,55.73
2015-04-13,2.408,57.14
2015-04-20,2.485,61.2
2015-04-27,2.57,62.86
2015-05-04,2.664,64.62
2015-05-11,2.691,62.82
2015-05-18,2.744,65.15
2015-05-25,2.774,64.7
2015-06-01,2.78,62.87
2015-06-08,2.78,61.33
2015-06-15,2.835,60.99
2015-06-22,2.812,60.54
2015-06-29,2.801,59.03
2015-07-06,2.793,57.19
2015-07-13,2.834,57.63
2015-07-20,2.802,56.42
2015-07-27,2.745,54.07
2015-08-03,2.689,49.49
2015-08-10,2.629,48.3
2015-08-17,2.716,47.77
2015-08-24,2.637,41.59
2015-08-31,2.51,47.97
2015-09-07,2.437,46.42
2015-09-14,2.375,45.87
2015-09-21,2.327,47.64
2015-09-28,2.322,46.04
2015-10-05,2.318,49.45
2015-10-12,2.337,50.95
2015-10-19,2.277,47.51
2015-10-26,2.228,46.57
2015-11-02,2.224,47.91
2015-11-09,2.235,45.38
2015-11-16,2.178,40.28
2015-11-23,2.094,43.7
2015-11-30,2.059,43.73
2015-12-07,2.053,39.69
2015-12-14,2.037,36.51
2015-12-21,2.026,35.34
2015-12-28,2.034,37.08
2016-01-04,2.028,36.28
2016-01-11,1.996,30.14
2016-01-18,1.914,27.36
2016-01-25,1.856,29.82
2016-02-01,1.822,32.45
2016-02-08,1.759,31.64
2016-02-15,1.724,31.8
2016-02-22,1.73,33.59
2016-02-29,1.783,35.92
2016-03-07,1.841,39.02
2016-03-14,1.961,38.06
2016-03-21,2.007,39.91
2016-03-28,2.066,38.33
2016-04-04,2.083,36.05
2016-04-11,2.069,41.58
2016-04-18,2.137,41.64
2016-04-25,2.162,42.97
2016-05-02,2.24,45.82
2016-05-09,2.22,42.43
2016-05-16,2.242,48.49
2016-05-23,2.3,47.77
2016-05-30,2.339,49.09
2016-06-06,2.381,48.94
2016-06-13,2.399,49.36
2016-06-20,2.353,48.68
2016-06-27,2.329,45.07
2016-07-04,2.291,48.02
2016-07-11,2.253,44.04
2016-07-18,2.23,45.35
2016-07-25,2.182,43.76
2016-08-01,2.159,40.17
2016-08-08,2.15,43.24
2016-08-15,2.149,47.31
2016-08-22,2.193,48.1
2016-08-29,2.237,49.66
2016-09-05,2.223,46.72
2016-09-12,2.202,47.82
2016-09-19,2.225,46.04
2016-09-26,2.224,46.61
2016-10-03,2.245,48.61
2016-10-10,2.272,51.54
2016-10-17,2.257,49.31
2016-10-24,2.243,49.8
2016-10-31,2.23,46.2
2016-11-07,2.233,42.83
2016-11-14,2.184,41.83
2016-11-21,2.155,45.96
2016-11-28,2.154,46.64
2016-12-05,2.208,53.3
2016-12-12,2.236,53.99
2016-12-19,2.264,53.53
2016-12-26,2.309,53.93
2017-01-02,2.377,54.96
2017-01-09,2.388,54.39
2017-01-16,2.358,54.3
2017-01-23,2.326,54.8
2017-01-30,2.296,54.77
2017-02-06,2.293,55.02
2017-02-13,2.307,54.15
2017-02-20,2.302,55.25
2017-02-27,2.314,54.65
2017-03-06,2.341,54.73
2017-03-13,2.323,50.1
2017-03-20,2.321,50.67
2017-03-27,2.315,50.12
2017-04-03,2.36,52.04
2017-04-10,2.424,54.79
2017-04-17,2.436,54.79
2017-04-24,2.449,49.45
2017-05-01,2.411,50.41
2017-05-08,2.372,46.61
2017-05-15,2.369,51.29
2017-05-22,2.399,53.35
2017-05-29,2.406,52.25
2017-06-05,2.414,48.25
2017-06-12,2.366,47.18
2017-06-19,2.318,45.93
2017-06-26,2.288,44.09
2017-07-03,2.26,49.13
2017-07-10,2.297,46.57
2017-07-17,2.278,47.66
2017-07-24,2.312,47.81
2017-07-31,2.352,51.99
2017-08-07,2.378,51.42
2017-08-14,2.384,51.29
2017-08-21,2.36,51.94
2017-08-28,2.399,51.87
2017-09-04,2.679,52.6
2017-09-11,2.685,54.2
2017-09-18,2.634,55.5
2017-09-25,2.583,59.42
2017-10-02,2.565,55.67
2017-10-09,2.504,55.29
2017-10-16,2.489,57.49
2017-10-23,2.479,57.69
2017-10-30,2.488,60.65
2017-11-06,2.561,64.27
2017-11-13,2.592,62.94
2017-11-20,2.568,61.34
2017-11-27,2.533,63.25
2017-12-04,2.5,63.45
2017-12-11,2.485,65.62
2017-12-18,2.45,64.45
2017-12-25,2.472,64.61
2018-01-01,2.52,66.73
2018-01-08,2.522,68.48
2018-01-15,2.557,70.31
2018-01-22,2.567,69.32
2018-01-29,2.607,68.41
2018-02-05,2.637,67.69
2018-02-12,2.607,62.2
2018-02-19,2.557,64.95
2018-02-26,2.548,67.96
2018-03-05,2.56,65.78
2018-03-12,2.559,64.53
2018-03-19,2.598,64.82
2018-03-26,2.648,68.81
2018-04-02,2.7,69.02
2018-04-09,2.694,68.19
2018-04-16,2.747,72.05
2018-04-23,2.798,74.54
2018-04-30,2.846,75.92
2018-05-07,2.845,74.75
2018-05-14,2.873,78.17
2018-05-21,2.923,78.34
2018-05-28,2.962,76.6
2018-06-04,2.94,73.41
2018-06-11,2.911,74.58
2018-06-18,2.879,74.87
2018-06-25,2.833,72.82
2018-07-02,2.844,76.71
2018-07-09,2.857,77.08
2018-07-16,2.865,71.03
2018-07-23,2.831,73.45
2018-07-30,2.846,74.99
2018-08-06,2.852,72.51
2018-08-13,2.843,70.62
2018-08-20,2.821,71.11
2018-08-27,2.827,74.41
2018-09-03,2.824,77.81
2018-09-10,2.833,76.77
2018-09-17,2.841,78.22
2018-09-24,2.844,80.89
2018-10-01,2.866,84.94
2018-10-08,2.903,84.22
2018-10-15,2.879,80.91
2018-10-22,2.841,80.45
2018-10-29,2.811,77.56
2018-11-05,2.753,72.68
2018-11-12,2.686,69.81
2018-11-19,2.611,64.14
2018-11-26,2.539,59.7
2018-12-03,2.451,60.17
2018-12-10,2.421,60.29
2018-12-17,2.369,57.59
2018-12-24,2.321,51.93
2018-12-31,2.266,50.57
2019-01-07,2.237,57.1
2019-01-14,2.247,58.8
2019-01-21,2.251,62.18
2019-01-28,2.256,59.71
2019-02-04,2.254,62.26
2019-02-11,2.276,61.3
2019-02-18,2.317,66.41
2019-02-25,2.39,64.02
2019-03-04,2.422,64.44
2019-03-11,2.471,65.06
2019-03-18,2.548,66.65
2019-03-25,2.623,67.37
2019-04-01,2.691,69.08
2019-04-08,2.745,71.12
2019-04-15,2.828,70.9
2019-04-22,2.841,70.71
2019-04-29,2.887,71.22
2019-05-06,2.897,71.95
2019-05-13,2.866,72.35
2019-05-20,2.852,73.21
2019-05-27,2.822,67.98
2019-06-03,2.807,63.16
2019-06-10,2.732,64.31
2019-06-17,2.67,62.56
2019-06-24,2.654,65.16
2019-07-01,2.713,65.1
2019-07-08,2.743,64.89
2019-07-15,2.779,66.86
2019-07-22,2.75,61.96
2019-07-29,2.715,62.29
2019-08-05,2.688,59.32
2019-08-12,2.624,57.13
2019-08-19,2.598,59.79
2019-08-26,2.574,58.64
2019-09-02,2.563,58.55
2019-09-09,2.55,63.99
2019-09-16,2.552,68.42
2019-09-23,2.654,64.66
2019-09-30,2.642,60.99
2019-10-07,2.645,59.46
2019-10-14,2.629,58.81
2019-10-21,2.638,58.95
2019-10-28,2.596,60.39
2019-11-04,2.605,62.52
2019-11-11,2.615,62.58
2019-11-18,2.592,62.82
2019-11-25,2.579,64.67
2019-12-02,2.575,63.2
2019-12-09,2.561,66.44
2019-12-16,2.536,68.04
2019-12-23,2.532,67.49
2019-12-30,2.571,68.3
2020-01-06,2.578,70.25
2020-01-13,2.57,64.14
2020-01-20,2.537,64.63
2020-01-27,2.506,58.54
2020-02-03,2.455,54
2020-02-10,2.419,53.39
2020-02-17,2.428,57.83
2020-02-24,2.466,56.71
2020-03-02,2.423,52.52
2020-03-09,2.375,35.33
2020-03-16,2.248,27.98
2020-03-23,2.12,23.75
2020-03-30,2.005,19.19
2020-04-06,1.924,22.58
2020-04-13,1.853,20.23
2020-04-20,1.812,17.36
2020-04-27,1.773,15.17
2020-05-04,1.789,20.4
2020-05-11,1.851,25.53
2020-05-18,1.878,33.3
2020-05-25,1.96,33.8
2020-06-01,1.974,36.74
2020-06-08,2.036,39.66
2020-06-15,2.098,39.44
2020-06-22,2.129,43.2
2020-06-29,2.174,41.58
2020-07-06,2.177,42.73
2020-07-13,2.195,42.85
2020-07-20,2.186,43.3
2020-07-27,2.175,43.39
2020-08-03,2.176,43.76
2020-08-10,2.166,44.19
2020-08-17,2.166,44.91
2020-08-24,2.182,44.43
2020-08-31,2.222,45.22
2020-09-07,2.211,40.67
2020-09-14,2.183,38.57
2020-09-21,2.168,40.37
2020-09-28,2.169,41.59
2020-10-05,2.172,39.78
2020-10-12,2.167,40.5
2020-10-19,2.15,41.29
2020-10-26,2.143,39.06
2020-11-02,2.112,37.78
2020-11-09,2.096,40.93
2020-11-16,2.111,42.71
2020-11-23,2.102,45
2020-11-30,2.12,46.84
2020-12-07,2.156,48.63
2020-12-14,2.158,50.27
2020-12-21,2.224,50.61
2020-12-28,2.243,50.88
2021-01-04,2.249,50.37
2021-01-11,2.317,54.84
2021-01-18,2.379,54.21
2021-01-25,2.392,55.44
2021-02-01,2.409,56.42
2021-02-08,2.461,60.17
2021-02-15,2.501,63.58
2021-02-22,2.633,64.73
2021-03-01,2.711,64.56
2021-03-08,2.771,68
2021-03-15,2.853,68.78
2021-03-22,2.865,63.89
2021-03-29,2.852,64.06
2021-04-05,2.857,63.85
2021-04-12,2.849,62.38
2021-04-19,2.855,66.54
2021-04-26,2.872,65.5
2021-05-03,2.89,67.73
2021-05-10,2.961,68.61
2021-05-17,3.028,69.62
2021-05-24,3.02,68.59
2021-05-31,3.027,69.36
2021-06-07,3.035,70.89
2021-06-14,3.069,72.27
2021-06-21,3.06,74.49
2021-06-28,3.091,74.78
2021-07-05,3.122,78.34
2021-07-12,3.133,76.77
2021-07-19,3.153,69.33
2021-07-26,3.136,74.79
2021-08-02,3.159,73.91
2021-08-09,3.172,69.65
2021-08-16,3.174,70.07
2021-08-23,3.145,69.07
2021-08-30,3.139,72.26
2021-09-06,3.176,72.43
2021-09-13,3.165,72.97
2021-09-20,3.184,73.59
2021-09-27,3.175,78.85
2021-10-04,3.19,81.44
2021-10-11,3.267,83.75
2021-10-18,3.322,84.13
2021-10-25,3.383,84.85
2021-11-01,3.39,84.51
2021-11-08,3.41,83.22
2021-11-15,3.399,81.94
2021-11-22,3.395,80.97
2021-11-29,3.38,73.34
2021-12-06,3.341,73.38
2021-12-13,3.315,74.12
2021-12-20,3.295,70.51
2021-12-27,3.275,75.24
2022-01-03,3.281,78.25
2022-01-10,3.295,81.56
2022-01-17,3.306,87.82
2022-01-24,3.323,87.74
2022-01-31,3.368,92.35
2022-02-07,3.444,97.28
2022-02-14,3.487,101.66
2022-02-21,3.53,98.95
2022-02-28,3.608,103.08
2022-03-07,4.102,129.02
2022-03-14,4.315,110.39
2022-03-21,4.239,122.29
2022-03-28,4.231,114.5
2022-04-04,4.17,108.15
2022-04-11,4.091,97.92
2022-04-18,4.066,110.83
2022-04-25,4.107,99.27
2022-05-02,4.182,108.36
2022-05-09,4.328,106.67
2022-05-16,4.491,114.86
2022-05-23,4.593,115.13
2022-05-30,4.624,123.01
2022-06-06,4.876,124.99
2022-06-13,5.006,128.44
2022-06-20,4.962,118.25
2022-06-27,4.872,119.69
2022-07-04,4.771,121.8
2022-07-11,4.646,114.85
2022-07-18,4.49,117.27
2022-07-25,4.33,108.23
2022-08-01,4.192,106.09
2022-08-08,4.038,103.46
2022-08-15,3.938,98.25
2022-08-22,3.88,95.06
2022-08-29,3.827,101.13
2022-09-05,3.746,94.22
2022-09-12,3.69,93.45
2022-09-19,3.654,89.43
2022-09-26,3.711,82.55
2022-10-03,3.782,90.68
2022-10-10,3.912,97.13
2022-10-17,3.871,91.04
2022-10-24,3.769,91.57
2022-10-31,3.742,93.3
2022-11-07,3.796,99.87
2022-11-14,3.762,93.59
2022-11-21,3.648,88.44
2022-11-28,3.534,83.5
2022-12-05,3.39,83.36
2022-12-12,3.239,78
2022-12-19,3.12,81.66
2022-12-26,3.091,82.45
2023-01-02,3.223,82.82
2023-01-09,3.259,77.5
2023-01-16,3.31,82.65
2023-01-23,3.415,87.54
2023-01-30,3.489,84.9
2023-02-06,3.444,80.48
2023-02-13,3.39,85.98
2023-02-20,3.379,82.79
2023-02-27,3.342,81.24
2023-03-06,3.389,85.86
2023-03-13,3.456,79.67
2023-03-20,3.422,72.42
2023-03-27,3.421,76.8
2023-04-03,3.497,85.81
2023-04-10,3.596,86.56
2023-04-17,3.663,85.63
2023-04-24,3.656,84.23
2023-05-01,3.6,81.32
2023-05-08,3.533,75.85
2023-05-15,3.536,75.46
2023-05-22,3.534,75.77
2023-05-29,3.571,76.33
2023-06-05,3.541,76.61
2023-06-12,3.595,71.8
2023-06-19,3.577,76.09
2023-06-26,3.571,73.86
2023-07-03,3.527,74.52
2023-07-10,3.546,77.83
2023-07-17,3.559,77.8
2023-07-24,3.596,82.53
2023-07-31,3.757,85.22
2023-08-07,3.828,86.47
2023-08-14,3.85,87.4
2023-08-21,3.868,85.44
2023-08-28,3.813,85.42
2023-09-04,3.807,90.42
2023-09-11,3.822,91.97
2023-09-18,3.878,95.95
2023-09-25,3.837,94.01
2023-10-02,3.798,91.21
2023-10-09,3.684,91.37
2023-10-16,3.576,90.99
2023-10-23,3.533,91.88
2023-10-30,3.473,90.73
2023-11-06,3.396,87.31
2023-11-13,3.349,84.09
2023-11-20,3.289,83.25
2023-11-27,3.238,79.49
2023-12-04,3.231,78.16
2023-12-11,3.136,75.75
2023-12-18,3.053,78.89
2023-12-25,3.116,80.23
2024-01-01,3.089,77.69
2024-01-08,3.073,75.47
2024-01-15,3.058,79.76
2024-01-22,3.062,81.7
2024-01-29,3.095,83.99
2024-02-05,3.136,79.3
2024-02-12,3.192,83.88
2024-02-19,3.269,85.52
2024-02-26,3.249,84.01
2024-03-04,3.35,86.58
2024-03-11,3.376,83.44
2024-03-18,3.453,86.47
2024-03-25,3.523,86.18
2024-04-01,3.517,86.17
2024-04-08,3.591,91.73
2024-04-15,3.628,90.84
2024-04-22,3.668,87.3
2024-04-29,3.653,88.44
2024-05-06,3.643,83.6
2024-05-13,3.608,83.18
2024-05-20,3.584,81.91
2024-05-27,3.577,78.92
2024-06-03,3.516,76.45
2024-06-10,3.429,79.59
2024-06-17,3.435,82.45
2024-06-24,3.438,86.75
2024-07-01,3.479,86.57
2024-07-08,3.489,87.15
2024-07-15,3.496,86.42
2024-07-22,3.471,83.44
2024-07-29,3.484,80.94
2024-08-05,3.448,77.51
2024-08-12,3.414,83.06
2024-08-19,3.382,81.09
2024-08-26,3.313,80.34
2024-09-02,3.289,77.82
2024-09-09,3.236,72.37
2024-09-16,3.18,73.96
2024-09-23,3.185,74.95
2024-09-30,3.179,72.35
2024-10-07,3.136,81.74
2024-10-14,3.171,78.47
2024-10-21,3.144,73.29
2024-10-28,3.097,71.87
2024-11-04,3.069,74.89
2024-11-11,3.052,72.19
2024-11-18,3.046,74.35
2024-11-25,3.044,74.27
2024-12-02,3.034,72.81
2024-12-09,3.008,73.73
2024-12-16,3.016,74.3
2024-12-23,3.024,72.12
2024-12-30,3.006,74.24
2025-01-06,3.047,77.27
2025-01-13,3.043,82.69
2025-01-20,3.109,81.68
2025-01-27,3.103,77.3
2025-02-03,3.082,76.49
2025-02-10,3.128,76.23
2025-02-17,3.148,75.81
2025-02-24,3.125,74.89
2025-03-03,3.078,72.85
2025-03-10,3.069,71.08
2025-03-17,3.058,71.93
2025-03-24,3.115,73.96
2025-03-31,3.162,77.23
2025-04-07,3.243,66.13
2025-04-14,3.168,67.18
2025-04-21,3.141,69.33
2025-04-28,3.133,66.13
2025-05-05,3.147,61.57
2025-05-12,3.12,65.28
2025-05-19,3.173,66.25
2025-05-26,3.16,65.41
2025-06-02,3.127,66.55
2025-06-09,3.108,68.73
2025-06-16,3.139,75.05
2025-06-23,3.213,74.34
2025-06-30,3.164,68.15
2025-07-07,3.125,71.95
2025-07-14,3.13,70.96
2025-07-21,3.121,71.92
2025-07-28,3.123,70.87
2025-08-04,3.14,69.56
2025-08-11,3.118,67.36
2025-08-18,3.125,68.18
2025-08-25,3.147,68.29
2025-09-01,3.177,67.09
2025-09-08,3.192,65.44
2025-09-15,3.168,67.88
2025-09-22,3.173,66.87
2025-09-29,3.118,69
2025-10-06,3.124,67.09
2025-10-13,3.061,64.15
2025-10-20,3.019,60.71
2025-10-27,3.035,65.52
2025-11-03,3.019,65.79
2025-11-10,3.056,63.01
2025-11-17,3.062,63.16
2025-11-24,3.061,64.83
2025-12-01,2.985,64.22
2025-12-08,2.94,63.3
2025-12-15,2.895,61.55
2025-12-22,2.841,62.22
2025-12-29,2.811,63.1
2026-01-05,2.796,63
2026-01-12,2.779,65.4
2026-01-19,2.806,66.91
2026-01-26,2.853,67.7
2026-02-02,2.867,67.72
2026-02-09,2.902,71.19
2026-02-16,2.924,70.81
2026-02-23,2.937,71.9
2026-03-02,3.015,77.24
2026-03-09,3.502,94.35
2026-03-16,3.72,101.04
2026-03-23,3.961,103.79
2026-03-30,3.99,121.88
2026-04-06,4.12,127.61
2026-04-13,4.123,123.28
2026-04-20,4.044,103.4
2026-04-27,4.123,113.89
2026-05-04,4.452,118.26
2026-05-11,4.5,106.11
2026-05-18,4.49,116.73
2026-05-25,4.475,106.9
2026-06-01,4.305,98.29
2026-06-08,4.146,97.46
2026-06-15,4.052,84.36
2026-06-22,3.914,76.49
2026-06-29,3.831,71.59
2026-07-06,3.777,69.56
2026-07-13,3.855,84.62
